{
  "subject": "kotlin",
  "formative": "formative1",
  "questions": [
    {
      "question": "The Float data type in Kotlin can have up to _____ significant bits.",
      "options": ["32", "53", "16", "24"],
      "correct": "D"
    },
    {
      "question": "The symbol $ is used when creating string templates.",
      "options": ["True", "False"],
      "correct": "A"
    },
    {
      "question": "What symbol is used to define a raw string?",
      "options": ["a pair of double quotes", "a pair of single quotes", "three single quotes", "triple quotes"],
      "correct": "D"
    },
    {
      "question": "Which of the following shows the Kotlin built-in Boolean operations?",
      "options": ["||, &&, !", "|, &, !", "||, &&, !!", "|, &, !!"],
      "correct": "A"
    },
    {
      "question": "Using if statement as an expression requires an else clause.",
      "options": ["True", "False"],
      "correct": "A"
    },
    {
      "question": "Characters are treated as numbers in Kotlin.",
      "options": ["True", "False"],
      "correct": "A"
    },
    {
      "question": "The return jump expression terminates the nearest enclosing loop.",
      "options": ["True", "False"],
      "correct": "A"
    },
    {
      "question": "What function is used in removing leading whitespaces in a raw string?",
      "options": ["trimWhitespace()", "trimMargin()", "trim()", "trimLead()"],
      "correct": "B"
    },
    {
      "question": "We can use template expressions in string by using _____ symbol followed by either an identifier or an expression delimited by curly braces.",
      "options": ["^", "&", "@", "$"],
      "correct": "D"
    },
    {
      "question": "The if control structure in Kotlin is considered as an expression which means it is expected to return a value.",
      "options": ["True", "False"],
      "correct": "A"
    },
    {
      "question": "String is a mutable data type.",
      "options": ["True", "False"],
      "correct": "B"
    },
    {
      "question": "String templates can be used in raw strings.",
      "options": ["True", "False"],
      "correct": "A"
    },
    {
      "question": "The Byte data type has a size of _____ bits.",
      "options": ["4", "8", "32", "16"],
      "correct": "B"
    },
    {
      "question": "Just like Java, we also import classes, packages, or objects in Kotlin using the keyword include.",
      "options": ["True", "False"],
      "correct": "B"
    },
    {
      "question": "This statement replaced the switch statement in other programming languages.",
      "options": ["choice", "then", "select", "when"],
      "correct": "D"
    },
    {
      "question": "If you want to explicitly declare a variable with a Long data type, you have to append a suffix _______ to its initial value.",
      "options": ["Long or long", "L or l", "LNG or lng", "Lng or lng"],
      "correct": "B"
    },
    {
      "question": "What symbol is used for String concatenation in Kotlin?",
      "options": ["comma ( , )", "plus ( + )", "ampersand ( & )", "period ( . )"],
      "correct": "B"
    },
    {
      "question": "What jump expression terminates the nearest enclosing loop?",
      "options": ["goto", "return", "break", "continue"],
      "correct": "C"
    },
    {
      "question": "We can put underscores in the initial values of numeric type variables, e.g. val x = 1_234.",
      "options": ["True", "False"],
      "correct": "A"
    },
    {
      "question": "All variables initialized with a fractional number will infer the _____ data type.",
      "options": ["Float", "Double", "Int", "Short"],
      "correct": "B"
    },
    {
      "question": "while and do..while loops are also available in Kotlin and are used the same way they are used in other programming languages.",
      "options": ["True", "False"],
      "correct": "A"
    },
    {
      "question": "Individual characters in a String-type value can be accessed by indexing operation.",
      "options": ["True", "False"],
      "correct": "A"
    },
    {
      "question": "The ______ control flow statement iterates through anything that provides an iterator.",
      "options": ["for", "when", "if", "while"],
      "correct": "A"
    },
    {
      "question": "What is the range value of the Int data type?",
      "options": [
        "-2,147,483,647 to 2,147,483,648",
        "-2,147,483,648 to 2,147,483,647",
        "-2,147,483,647 to 2,147,483,647",
        "-2,147,483,648 to 2,147,483,648"
      ],
      "correct": "B"
    },
    {
      "question": "How many numerical data types are there in Kotlin?",
      "options": ["6", "3", "5", "4"],
      "correct": "A"
    },
    {
      "question": "All variables initialized with a numerical value will be inferred as _____ data type by default.",
      "options": ["Byte", "Long", "Short", "Int"],
      "correct": "D"
    },
    {
      "question": "Boolean type values in Kotlin can only have true or false values.",
      "options": ["True", "False"],
      "correct": "A"
    },
    {
      "question": "When iterating through a range of numbers using the for statement, we use the range expression which is represented by the symbol ________.",
      "options": ["[ ]", "( )", "..", "\"\""],
      "correct": "C"
    },
    {
      "question": "What keyword is used to declare a package?",
      "options": ["package", "pckg", "pkg", "pack"],
      "correct": "A"
    },
    {
      "question": "You can use escape characters in a raw string.",
      "options": ["True", "False"],
      "correct": "B"
    },
    {
      "question": "Raw strings can contain escape code characters.",
      "options": ["True", "False"],
      "correct": "B"
    },
    {
      "question": "The when control structure can replace if..else..if chain when used without putting any argument.",
      "options": ["True", "False"],
      "correct": "A"
    },
    {
      "question": "What is the data type of the variable declared below: val num = -42L",
      "options": ["Int", "Short", "Long", "Byte"],
      "correct": "C"
    },
    {
      "question": "What keyword is used to declare immutable variables (constants) in Kotlin?",
      "options": ["dec", "None of the other choices is correct.", "var", "val"],
      "correct": "D"
    }
  ]
}
